Параметр,Коэффициент,Ст. ошибка,t-статистика,p-value,Значимость (α=0.05),Нижняя граница (95%),Верхняя граница (95%)
const,494.54111930466416,134.166891514944,3.6860145876568984,0.000529306894618491,ДА,225.552697345779,763.5295412635494
x1_GDP,0.04005306680386571,0.006787323778003498,5.901157527458839,2.4552930708522954e-07,ДА,0.026445301939120182,0.053660831668611235
x5_Urbanization,-6.216789636317463,1.770239820915148,-3.5118347033361923,0.0009075061778818964,ДА,-9.765906788395977,-2.667672484238948
