variable,odds_ratio,target_rate_1,target_rate_0,count_1,count_0
author_ban_status,0.26866854709996524,0.2239665096807954,0.5178867838131761,1911,17471
