Параметр,Коэффициент,Ст. ошибка,t-статистика,p-value,Нижняя 95%,Верхняя 95%
const,494.5411193046644,134.16689151494404,3.6860145876568993,0.0005293068946184899,225.55269734577922,763.5295412635496
x1_GDP,0.040053066803865604,0.006787323778003497,5.901157527458825,2.4552930708524204e-07,0.026445301939120085,0.053660831668611124
x5_Urbanization,-6.2167896363174675,1.7702398209151484,-3.511834703336194,0.0009075061778818905,-9.765906788395982,-2.6676724842389525
